{
  "project_info": {
    "project_number": "109008038997",
    "firebase_url": "https://peliculasgratis-804c2-default-rtdb.firebaseio.com",
    "project_id": "peliculasgratis-804c2",
    "storage_bucket": "peliculasgratis-804c2.appspot.com"
  },
  "client": [
    {
      "client_info": {
        "mobilesdk_app_id": "1:109008038997:android:720676160cca790602f8dc",
        "android_client_info": {
          "package_name": "com.example.peliculasgratiskotlin"
        }
      },
      "oauth_client": [
        {
          "client_id": "109008038997-99gcur4nk8r9cpmsg086j6ae51f7tahr.apps.googleusercontent.com",
          "client_type": 1,
          "android_info": {
            "package_name": "com.example.peliculasgratiskotlin",
            "certificate_hash": "e2bf3a66f831ae13fffd39308aafa8c24f7c5ca6"
          }
        },
        {
          "client_id": "109008038997-lq9s12u683ithre2nv2cg9tmu55mcahl.apps.googleusercontent.com",
          "client_type": 3
        }
      ],
      "api_key": [
        {
          "current_key": "AIzaSyBGzu90yoeg18G-cMLDDvUEhb0zFBLvRnU"
        }
      ],
      "services": {
        "appinvite_service": {
          "other_platform_oauth_client": [
            {
              "client_id": "109008038997-lq9s12u683ithre2nv2cg9tmu55mcahl.apps.googleusercontent.com",
              "client_type": 3
            }
          ]
        }
      }
    }
  ],
  "configuration_version": "1"
}